<?xml version="1.0"?>
<countries>
  <country>
    <id>1</id>
    <name>Brazil</name>
    <birth_rate_per_1000>16.405</birth_rate_per_1000>
    <cell_phones_per_100>90.019</cell_phones_per_100>
    <children_per_woman>1.862</children_per_woman>
    <electricity_consumption_per_capita>2201.809</electricity_consumption_per_capita>
    <gdp_per_capita>4424.759</gdp_per_capita>
    <gdp_per_capita_growth>-1.52</gdp_per_capita_growth>
    <inflation_annual>8.229</inflation_annual>
    <internet_user_per_100>39.22</internet_user_per_100>
    <life_expectancy>74</life_expectancy>
    <military_expenditure_percent_of_gdp>1.615</military_expenditure_percent_of_gdp>
    <gps_lat>-14.235</gps_lat>
    <gps_long>-51.925</gps_long>
  </country>
  <country>
    <id>2</id>
    <name>Canada</name>
    <birth_rate_per_1000>10.625</birth_rate_per_1000>
    <cell_phones_per_100>70.71</cell_phones_per_100>
    <children_per_woman>1.668</children_per_woman>
    <electricity_consumption_per_capita>15119.764</electricity_consumption_per_capita>
    <gdp_per_capita>25069.869</gdp_per_capita>
    <gdp_per_capita_growth>-3.953</gdp_per_capita_growth>
    <inflation_annual>2.944</inflation_annual>
    <internet_user_per_100>80.171</internet_user_per_100>
    <life_expectancy>80.9</life_expectancy>
    <military_expenditure_percent_of_gdp>1.416</military_expenditure_percent_of_gdp>
    <gps_lat>56.13</gps_lat>
    <gps_long>-106.347</gps_long>
  </country>
  <country>
    <id>3</id>
    <name>Chile</name>
    <birth_rate_per_1000>15.04</birth_rate_per_1000>
    <cell_phones_per_100>97.019</cell_phones_per_100>
    <children_per_woman>1.873</children_per_woman>
    <electricity_consumption_per_capita>3276.064</electricity_consumption_per_capita>
    <gdp_per_capita>6451.631</gdp_per_capita>
    <gdp_per_capita_growth>-2.61</gdp_per_capita_growth>
    <inflation_annual>7.471</inflation_annual>
    <internet_user_per_100>38.8</internet_user_per_100>
    <life_expectancy>78.8</life_expectancy>
    <military_expenditure_percent_of_gdp>3.064</military_expenditure_percent_of_gdp>
    <gps_lat>-35.675</gps_lat>
    <gps_long>71.543</gps_long>
  </country>
  <country>
    <id>4</id>
    <name>China</name>
    <birth_rate_per_1000>13.536</birth_rate_per_1000>
    <cell_phones_per_100>55.975</cell_phones_per_100>
    <children_per_woman>1.642</children_per_woman>
    <electricity_consumption_per_capita>2632.725</electricity_consumption_per_capita>
    <gdp_per_capita>2208.404</gdp_per_capita>
    <gdp_per_capita_growth>8.648</gdp_per_capita_growth>
    <inflation_annual>6.684</inflation_annual>
    <internet_user_per_100>28.977</internet_user_per_100>
    <life_expectancy>75.6</life_expectancy>
    <military_expenditure_percent_of_gdp>2.241</military_expenditure_percent_of_gdp>
    <gps_lat>35.862</gps_lat>
    <gps_long>104.195</gps_long>
  </country>
  <country>
    <id>5</id>
    <name>Colombia</name>
    <birth_rate_per_1000>20.605</birth_rate_per_1000>
    <cell_phones_per_100>92.346</cell_phones_per_100>
    <children_per_woman>2.405</children_per_woman>
    <electricity_consumption_per_capita>1041.994</electricity_consumption_per_capita>
    <gdp_per_capita>3137.695</gdp_per_capita>
    <gdp_per_capita_growth>0.208</gdp_per_capita_growth>
    <inflation_annual>3.667</inflation_annual>
    <internet_user_per_100>30</internet_user_per_100>
    <life_expectancy>75.3</life_expectancy>
    <military_expenditure_percent_of_gdp>3.834</military_expenditure_percent_of_gdp>
    <gps_lat>4.571</gps_lat>
    <gps_long>-74.297</gps_long>
  </country>
  <country>
    <id>6</id>
    <name>Ecuador</name>
    <birth_rate_per_1000>20.989</birth_rate_per_1000>
    <cell_phones_per_100>92.849</cell_phones_per_100>
    <children_per_woman>2.69</children_per_woman>
    <electricity_consumption_per_capita>1078.039</electricity_consumption_per_capita>
    <gdp_per_capita>1692.067</gdp_per_capita>
    <gdp_per_capita_growth>-1.08</gdp_per_capita_growth>
    <inflation_annual>7.596</inflation_annual>
    <internet_user_per_100>24.6</internet_user_per_100>
    <life_expectancy>74.1</life_expectancy>
    <military_expenditure_percent_of_gdp>3.747</military_expenditure_percent_of_gdp>
    <gps_lat>-1.831</gps_lat>
    <gps_long>-78.183</gps_long>
  </country>
  <country>
    <id>7</id>
    <name>Egypt</name>
    <birth_rate_per_1000>24.83</birth_rate_per_1000>
    <cell_phones_per_100>69.437</cell_phones_per_100>
    <children_per_woman>2.919</children_per_woman>
    <electricity_consumption_per_capita>1607.919</electricity_consumption_per_capita>
    <gdp_per_capita>1911.965</gdp_per_capita>
    <gdp_per_capita_growth>2.857</gdp_per_capita_growth>
    <inflation_annual>10.108</inflation_annual>
    <internet_user_per_100>24.28</internet_user_per_100>
    <life_expectancy>70.2</life_expectancy>
    <military_expenditure_percent_of_gdp>2.137</military_expenditure_percent_of_gdp>
    <gps_lat>26.821</gps_lat>
    <gps_long>30.802</gps_long>
  </country>
  <country>
    <id>8</id>
    <name>Finland</name>
    <birth_rate_per_1000>11.127</birth_rate_per_1000>
    <cell_phones_per_100>144.153</cell_phones_per_100>
    <children_per_woman>1.86</children_per_woman>
    <electricity_consumption_per_capita>15241.612</electricity_consumption_per_capita>
    <gdp_per_capita>26205.688</gdp_per_capita>
    <gdp_per_capita_growth>-8.792</gdp_per_capita_growth>
    <inflation_annual>0.428</inflation_annual>
    <internet_user_per_100>82.531</internet_user_per_100>
    <life_expectancy>79.7</life_expectancy>
    <military_expenditure_percent_of_gdp>1.502</military_expenditure_percent_of_gdp>
    <gps_lat>61.924</gps_lat>
    <gps_long>25.748</gps_long>
  </country>
  <country>
    <id>9</id>
    <name>France</name>
    <birth_rate_per_1000>12.21</birth_rate_per_1000>
    <cell_phones_per_100>95.444</cell_phones_per_100>
    <children_per_woman>1.978</children_per_woman>
    <electricity_consumption_per_capita>7339.947</electricity_consumption_per_capita>
    <gdp_per_capita>22508.763</gdp_per_capita>
    <gdp_per_capita_growth>-3.264</gdp_per_capita_growth>
    <inflation_annual>1.05</inflation_annual>
    <internet_user_per_100>69.063</internet_user_per_100>
    <life_expectancy>81</life_expectancy>
    <military_expenditure_percent_of_gdp>2.553</military_expenditure_percent_of_gdp>
    <gps_lat>46.228</gps_lat>
    <gps_long>2.214</gps_long>
  </country>
  <country>
    <id>10</id>
    <name>Germany</name>
    <birth_rate_per_1000>8.136</birth_rate_per_1000>
    <cell_phones_per_100>127.419</cell_phones_per_100>
    <children_per_woman>1.376</children_per_woman>
    <electricity_consumption_per_capita>6753.058</electricity_consumption_per_capita>
    <gdp_per_capita>24368.196</gdp_per_capita>
    <gdp_per_capita_growth>-4.886</gdp_per_capita_growth>
    <inflation_annual>0.596</inflation_annual>
    <internet_user_per_100>79.485</internet_user_per_100>
    <life_expectancy>80</life_expectancy>
    <military_expenditure_percent_of_gdp>1.439</military_expenditure_percent_of_gdp>
    <gps_lat>51.166</gps_lat>
    <gps_long>10.452</gps_long>
  </country>
  <country>
    <id>11</id>
    <name>Iceland</name>
    <birth_rate_per_1000>14.738</birth_rate_per_1000>
    <cell_phones_per_100>107.66</cell_phones_per_100>
    <children_per_woman>2.123</children_per_woman>
    <electricity_consumption_per_capita>51259.188</electricity_consumption_per_capita>
    <gdp_per_capita>35310.974</gdp_per_capita>
    <gdp_per_capita_growth>-6.99</gdp_per_capita_growth>
    <inflation_annual>6.901</inflation_annual>
    <internet_user_per_100>92.137</internet_user_per_100>
    <life_expectancy>82.2</life_expectancy>
    <military_expenditure_percent_of_gdp>0.082</military_expenditure_percent_of_gdp>
    <gps_lat>64.963</gps_lat>
    <gps_long>-19.021</gps_long>
  </country>
  <country>
    <id>12</id>
    <name>Iraq</name>
    <birth_rate_per_1000>31.585</birth_rate_per_1000>
    <cell_phones_per_100>65.475</cell_phones_per_100>
    <children_per_woman>4.276</children_per_woman>
    <electricity_consumption_per_capita>1086.324</electricity_consumption_per_capita>
    <gdp_per_capita>752.183</gdp_per_capita>
    <gdp_per_capita_growth>1.142</gdp_per_capita_growth>
    <inflation_annual>25.224</inflation_annual>
    <internet_user_per_100>1.048</internet_user_per_100>
    <life_expectancy>68.1</life_expectancy>
    <military_expenditure_percent_of_gdp>4.621</military_expenditure_percent_of_gdp>
    <gps_lat>33.223</gps_lat>
    <gps_long>43.679</gps_long>
  </country>
  <country>
    <id>13</id>
    <name>Japan</name>
    <birth_rate_per_1000>8.201</birth_rate_per_1000>
    <cell_phones_per_100>91.896</cell_phones_per_100>
    <children_per_woman>1.359</children_per_woman>
    <electricity_consumption_per_capita>7838.006</electricity_consumption_per_capita>
    <gdp_per_capita>38242.024</gdp_per_capita>
    <gdp_per_capita_growth>-6.18</gdp_per_capita_growth>
    <inflation_annual>-2.085</inflation_annual>
    <internet_user_per_100>77.385</internet_user_per_100>
    <life_expectancy>82.8</life_expectancy>
    <military_expenditure_percent_of_gdp>1.019</military_expenditure_percent_of_gdp>
    <gps_lat>36.205</gps_lat>
    <gps_long>138.253</gps_long>
  </country>
  <country>
    <id>14</id>
    <name>Kazakhstan</name>
    <birth_rate_per_1000>19.775</birth_rate_per_1000>
    <cell_phones_per_100>107.715</cell_phones_per_100>
    <children_per_woman>2.537</children_per_woman>
    <electricity_consumption_per_capita>4447.142</electricity_consumption_per_capita>
    <gdp_per_capita>2345.864</gdp_per_capita>
    <gdp_per_capita_growth>-1.438</gdp_per_capita_growth>
    <inflation_annual>19.542</inflation_annual>
    <internet_user_per_100>17.915</internet_user_per_100>
    <life_expectancy>66.6</life_expectancy>
    <military_expenditure_percent_of_gdp>1.105</military_expenditure_percent_of_gdp>
    <gps_lat>48.02</gps_lat>
    <gps_long>66.924</gps_long>
  </country>
  <country>
    <id>15</id>
    <name>Mexico</name>
    <birth_rate_per_1000>19.091</birth_rate_per_1000>
    <cell_phones_per_100>74.258</cell_phones_per_100>
    <children_per_woman>2.313</children_per_woman>
    <electricity_consumption_per_capita>1869.824</electricity_consumption_per_capita>
    <gdp_per_capita>5875.62</gdp_per_capita>
    <gdp_per_capita_growth>-7.417</gdp_per_capita_growth>
    <inflation_annual>4.034</inflation_annual>
    <internet_user_per_100>26.34</internet_user_per_100>
    <life_expectancy>75.5</life_expectancy>
    <military_expenditure_percent_of_gdp>0.54</military_expenditure_percent_of_gdp>
    <gps_lat>23.635</gps_lat>
    <gps_long>-102.553</gps_long>
  </country>
  <country>
    <id>16</id>
    <name>New Zealand</name>
    <birth_rate_per_1000>13.831</birth_rate_per_1000>
    <cell_phones_per_100>108.73</cell_phones_per_100>
    <children_per_woman>2.125</children_per_woman>
    <electricity_consumption_per_capita>9375.55</electricity_consumption_per_capita>
    <gdp_per_capita>14778.164</gdp_per_capita>
    <gdp_per_capita_growth>-1.552</gdp_per_capita_growth>
    <inflation_annual>3.487</inflation_annual>
    <internet_user_per_100>79.826</internet_user_per_100>
    <life_expectancy>80.3</life_expectancy>
    <military_expenditure_percent_of_gdp>1.141</military_expenditure_percent_of_gdp>
    <gps_lat>-40.901</gps_lat>
    <gps_long>174.886</gps_long>
  </country>
  <country>
    <id>17</id>
    <name>Nigeria</name>
    <birth_rate_per_1000>40.134</birth_rate_per_1000>
    <cell_phones_per_100>48.236</cell_phones_per_100>
    <children_per_woman>6.021</children_per_woman>
    <electricity_consumption_per_capita>119.815</electricity_consumption_per_capita>
    <gdp_per_capita>513.5</gdp_per_capita>
    <gdp_per_capita_growth>4.353</gdp_per_capita_growth>
    <inflation_annual>9.313</inflation_annual>
    <internet_user_per_100>20</internet_user_per_100>
    <life_expectancy>58.5</life_expectancy>
    <military_expenditure_percent_of_gdp>0.892</military_expenditure_percent_of_gdp>
    <gps_lat>9.082</gps_lat>
    <gps_long>8.675</gps_long>
  </country>
  <country>
    <id>18</id>
    <name>Peru</name>
    <birth_rate_per_1000>21.342</birth_rate_per_1000>
    <cell_phones_per_100>85.869</cell_phones_per_100>
    <children_per_woman>2.545</children_per_woman>
    <electricity_consumption_per_capita>1043.053</electricity_consumption_per_capita>
    <gdp_per_capita>2955.186</gdp_per_capita>
    <gdp_per_capita_growth>-0.223</gdp_per_capita_growth>
    <inflation_annual>4.491</inflation_annual>
    <internet_user_per_100>31.4</internet_user_per_100>
    <life_expectancy>76.7</life_expectancy>
    <military_expenditure_percent_of_gdp>1.349</military_expenditure_percent_of_gdp>
    <gps_lat>-9.19</gps_lat>
    <gps_long>-75.015</gps_long>
  </country>
  <country>
    <id>19</id>
    <name>Russia</name>
    <birth_rate_per_1000>10.828</birth_rate_per_1000>
    <cell_phones_per_100>161.116</cell_phones_per_100>
    <children_per_woman>1.537</children_per_woman>
    <electricity_consumption_per_capita>6132.979</electricity_consumption_per_capita>
    <gdp_per_capita>2806.415</gdp_per_capita>
    <gdp_per_capita_growth>-7.749</gdp_per_capita_growth>
    <inflation_annual>11.604</inflation_annual>
    <internet_user_per_100>29.236</internet_user_per_100>
    <life_expectancy>68.3</life_expectancy>
    <military_expenditure_percent_of_gdp>4.363</military_expenditure_percent_of_gdp>
    <gps_lat>61.524</gps_lat>
    <gps_long>105.319</gps_long>
  </country>
  <country>
    <id>20</id>
    <name>Saudi Arabia</name>
    <birth_rate_per_1000>23.569</birth_rate_per_1000>
    <cell_phones_per_100>167.347</cell_phones_per_100>
    <children_per_woman>2.898</children_per_woman>
    <electricity_consumption_per_capita>7430.744</electricity_consumption_per_capita>
    <gdp_per_capita>9294.356</gdp_per_capita>
    <gdp_per_capita_growth>-2.242</gdp_per_capita_growth>
    <inflation_annual>14.362</inflation_annual>
    <internet_user_per_100>38</internet_user_per_100>
    <life_expectancy>77.6</life_expectancy>
    <military_expenditure_percent_of_gdp>10.957</military_expenditure_percent_of_gdp>
    <gps_lat>23.886</gps_lat>
    <gps_long>45.079</gps_long>
  </country>
  <country>
    <id>21</id>
    <name>South Africa</name>
    <birth_rate_per_1000>22.113</birth_rate_per_1000>
    <cell_phones_per_100>93.336</cell_phones_per_100>
    <children_per_woman>2.5</children_per_woman>
    <electricity_consumption_per_capita>4532.022</electricity_consumption_per_capita>
    <gdp_per_capita>3697.674</gdp_per_capita>
    <gdp_per_capita_growth>-2.733</gdp_per_capita_growth>
    <inflation_annual>7.862</inflation_annual>
    <internet_user_per_100>10.087</internet_user_per_100>
    <life_expectancy>55.8</life_expectancy>
    <military_expenditure_percent_of_gdp>1.395</military_expenditure_percent_of_gdp>
    <gps_lat>-30.559</gps_lat>
    <gps_long>22.938</gps_long>
  </country>
  <country>
    <id>22</id>
    <name>Sweden</name>
    <birth_rate_per_1000>11.72</birth_rate_per_1000>
    <cell_phones_per_100>112.124</cell_phones_per_100>
    <children_per_woman>1.937</children_per_woman>
    <electricity_consumption_per_capita>14143.011</electricity_consumption_per_capita>
    <gdp_per_capita>30885.459</gdp_per_capita>
    <gdp_per_capita_growth>-5.977</gdp_per_capita_growth>
    <inflation_annual>1.022</inflation_annual>
    <internet_user_per_100>91.123</internet_user_per_100>
    <life_expectancy>81.2</life_expectancy>
    <military_expenditure_percent_of_gdp>1.248</military_expenditure_percent_of_gdp>
    <gps_lat>60.128</gps_lat>
    <gps_long>18.644</gps_long>
  </country>
  <country>
    <id>23</id>
    <name>United Arab Emirates</name>
    <birth_rate_per_1000>14.027</birth_rate_per_1000>
    <cell_phones_per_100>153.8</cell_phones_per_100>
    <children_per_woman>1.903</children_per_woman>
    <electricity_consumption_per_capita>9998.291</electricity_consumption_per_capita>
    <gdp_per_capita>22507.002</gdp_per_capita>
    <gdp_per_capita_growth>-11.992</gdp_per_capita_growth>
    <inflation_annual>8.549</inflation_annual>
    <internet_user_per_100>64</internet_user_per_100>
    <life_expectancy>76.1</life_expectancy>
    <military_expenditure_percent_of_gdp>5.835</military_expenditure_percent_of_gdp>
    <gps_lat>23.424</gps_lat>
    <gps_long>53.848</gps_long>
  </country>
  <country>
    <id>24</id>
    <name>United Kingdom</name>
    <birth_rate_per_1000>12.195</birth_rate_per_1000>
    <cell_phones_per_100>130.174</cell_phones_per_100>
    <children_per_woman>1.89</children_per_woman>
    <electricity_consumption_per_capita>5685.636</electricity_consumption_per_capita>
    <gdp_per_capita>27933.778</gdp_per_capita>
    <gdp_per_capita_growth>-5.019</gdp_per_capita_growth>
    <inflation_annual>2.861</inflation_annual>
    <internet_user_per_100>77.8</internet_user_per_100>
    <life_expectancy>79.7</life_expectancy>
    <military_expenditure_percent_of_gdp>2.667</military_expenditure_percent_of_gdp>
    <gps_lat>52.356</gps_lat>
    <gps_long>-1.174</gps_long>
  </country>
  <country>
    <id>25</id>
    <name>United States</name>
    <birth_rate_per_1000>14.191</birth_rate_per_1000>
    <cell_phones_per_100>89.149</cell_phones_per_100>
    <children_per_woman>2.002</children_per_woman>
    <electricity_consumption_per_capita>12913.711</electricity_consumption_per_capita>
    <gdp_per_capita>36539.228</gdp_per_capita>
    <gdp_per_capita_growth>-4.342</gdp_per_capita_growth>
    <inflation_annual>1.152</inflation_annual>
    <internet_user_per_100>71.212</internet_user_per_100>
    <life_expectancy>78.3</life_expectancy>
    <military_expenditure_percent_of_gdp>4.823</military_expenditure_percent_of_gdp>
    <gps_lat>37.09</gps_lat>
    <gps_long>-95.713</gps_long>
  </country>
</countries>
